Film,Year,Major Studio,Rotten Tomatoes,Audience Score,Genre,Budget ($m),Domestic Gross ($m),Foreign Gross ($m),Worldwide Gross ($m),Market Profitability
9,2009,Focus,57,58,Animation,30,31.74,16.67,48.41,1.6137
21,2008,Sony,35,73,Crime,35,81.16,76.69,157.85,4.51
300,2007,Warner Bros.,60,90,Action,65,210.61,245.45,456.07,7.0164
2012,2009,Sony,39,63,Action,200,165.6,602.4,768,3.84
(500) Days of Summer,2009,Fox,87,81,Comedy,7.5,32.39,28.33,60.72,8.096
"10,000 B.C.",2008,Warner Bros.,9,44,Adventure,105,94.78,175,269.78,2.5694
12 Rounds,2009,Fox,30,52,Action,20,12.23,5.94,18.17,0.9085
127 Hours,2010,Independent,93,84,Adventure,18,18.33,42.4,60.73,3.3739
17 Again,2009,Independent,55,70,Comedy,20,64.2,72.1,136.3,6.815
27 Dresses,2008,Fox,40,71,Comedy,30,76.81,83.5,160.31,5.3436
3:10 to Yuma,2007,Lionsgate,88,85,Western,48,53.61,16.17,69.78,1.4538
30 Days of Night,2007,Independent,50,57,Horror,32,39.57,35.53,75.1,2.3467
88 Minutes,2008,Sony,5,51,Drama,30,17.21,15.37,32.58,1.086
A Christmas Carol,2009,Disney,52,72,Animation,200,137.9,187.43,325.33,1.6267
A Nightmare on Elm Street,2010,Warner Bros.,13,40,Horror,35,63.08,52.59,115.67,3.3049
A Perfect Getaway,2009,Universal,61,50,Mystery,14,15.5,7.33,22.83,1.6307
A Serious Man,2009,Universal,89,64,Drama,7,9.2,21.48,30.68,4.3829
Across the Universe,2007,Independent,54,84,Romance,45,24.34,5.02,29.37,0.6526
Adventureland,2009,Miramax,89,56,Comedy,9.8,16.04,1.1,17.14,1.749
Alice in Wonderland,2010,Disney,52,72,Adventure,200,334.19,690.2,1024.39,5.122
Alien vs. Predator -- Requiem,2007,Fox,14,37,Horror,40,41.8,87.09,128.88,3.2221
Aliens in the Attic,2009,Fox,30,46,Adventure,45,25.2,32.68,57.88,1.2862
All About Steve,2009,Fox,6,35,Comedy,15,33.86,6.26,40.12,2.6747
All About Steve,2010,Independent,6,35,Comedy,15,33.86,6.26,40.12,2.6747
All Good Things,2010,Independent,33,64,Drama,20,0.58,0.062,0.642,0.0321
Alpha and Omega,2010,Crest,17,41,Animation,20,25.12,4.8,29.92,1.496
Alvin and the Chipmunks,2007,Fox,26,73,Animation,70,217.33,143.14,360.47,5.1495
Alvin and the Chipmunks: The Squeakquel,2009,Independent,21,59,Animation,75,219.5,221.3,440.7,5.876
Amelia,2009,Independent,21,35,Adventure,40,14.2,5,19.2,0.48
American Gangster,2007,Universal,79,87,Thriller,100,130.16,137.74,267.9,2.679
An Education,2009,Sony Classics,94,78,Drama,7.5,12.57,13.52,26.09,3.4787
Angels & Demons,2009,Sony,36,65,Mystery,150,133.4,352.6,485.9,3.2393
Appaloosa,2008,Warner Bros.,77,55,Action,20,20.07,7.52,27.59,1.3795
Armored,2009,Sony,40,34,Action,20,16,0,16,0.8
Astro Boy,2009,Summit,49,53,Animation,65,19.55,24.54,44.09,0.6783
Australia,2008,Fox,55,69,Adventure,78,46.69,161.8,208.49,2.673
Away We Go,2009,Focus,67,74,Comedy,21,9.45,5.44,14.89,0.709
Baby Mama,2008,Independent,63,59,Comedy,70,60.32,3.7,64.02,0.9146
Babylon A.D.,2008,Fox,7,32,Action,45,22.53,47.68,70.21,1.5603
Bandslam,2009,Summit,79,60,Comedy,20,5.2,6.9,12.1,0.61
Bangkok Dangerous,2008,Lionsgate,9,33,Action,45,15.3,31.3,46.6,1.0355
"Be Kind, Rewind",2008,New Line,65,57,Comedy,20,11.18,19.4,30.58,1.5288
Bedtime Stories,2008,Disney,25,63,Comedy,80,110.1,108.25,218.35,2.7294
Bee Movie,2007,Paramount,52,57,Animation,150,126.63,160.49,287.12,1.9142
Beowulf,2007,Paramount,71,52,Action,150,82.2,114.07,196.26,1.3084
Beverly Hills Chihuahua,2008,Disney,41,56,Adventure,20,94.5,50.7,145.2,7.26
Black Swan,2010,Fox,88,86,Drama,13,106.95,222.44,329.39,25.3377
Blades of Glory,2007,Paramount,69,66,Comedy,61,118.59,27.11,145.71,2.3887
Body of Lies,2008,Warner Bros.,53,65,Action,67.5,39.19,75.7,114.89,1.7021
Bolt,2008,Disney,89,76,Animation,150,109.9,195.93,305.83,2.0388
Bride Wars,2009,Fox,11,56,Comedy,30,58.75,56.43,115.15,3.8383
Brooklyn's Finest,2010,Independent,42,47,Action,17,27.2,9.15,36.35,2.1382
Brothers,2009,Lionsgate,61,62,Drama,26,28.5,14.77,43.27,1.6642
Bruno,2009,Universal,68,48,Comedy,42,60.1,70.7,130.8,3.1143
Buried,2010,Independent,86,63,Drama,2,1.04,17.33,18.37,9.185
Burlesque,2010,Paramount,36,66,Drama,55,38.24,17.84,56.08,1.0196
Burn After Reading,2008,Relativity Media,78,64,Comedy,37,60.36,103.36,163.72,4.4247
Cadillac Records,2008,Sony,67,64,Biography,12,8.2,0.68,8.88,0.7396
Case 39,2010,Independent,23,42,Horror,26,13.26,14.93,28.19,1.0842
Cats & Dogs: The Revenge of Kitty Galore,2010,Independent,13,43,Action,85,43.59,68.9,112.49,1.3234
Changeling,2008,Independent,62,84,Drama,55,35.73,77.28,113.01,2.0547
Charlie St. Cloud,2010,Universal,27,62,Fantasy,44,31.16,14.93,46.09,1.0475
Charlie Wilson's War,2007,Universal,82,73,Biography,75,66.66,51.81,118.48,1.5797
Cirque du Freak: The Vampire's Assistant,2009,Universal,38,50,Action,40,14.04,20.32,34.36,0.859
City Island,2010,Independent,81,77,Comedy,6,6.67,1.19,7.86,1.31
City of Ember,2008,Independent,52,48,Adventure,38,7.84,10.05,17.89,0.4708
Clash of the Titans,2010,Warner Bros.,28,48,Action,125,163.21,330,493.21,3.9457
Cloudy with a Chance of Meatballs,2009,Sony,86,70,Animation,100,124.9,118.13,243.03,2.4303
Cloverfield,2008,Paramount,77,67,Action,25,80.05,90.72,170.77,6.8307
College Road Trip,2008,Buena Vista,13,56,Adventure,140,45.61,5.93,51.54,0.3681
Confessions of a Shopaholic,2009,Disney,24,53,Comedy,70,44.27,64.05,108.3,1.55
Conviction,2010,Independent,68,71,Biography,12.5,6.79,2.92,9.71,0.7768
Cop Out,2010,Warner Bros.,19,45,Action,30,44.88,10.64,55.52,1.8507
Coraline,2009,Universal,89,77,Animation,60,75.28,49.3,124.58,2.0763
Country Strong,2010,Sony,20,56,Drama,15,20.21,0.31,20.52,1.368
Couples Retreat,2009,Universal,12,47,Comedy,60,109.2,62.63,171.83,2.8638
Crank: High Voltage,2009,Lionsgate,62,54,Action,12.9,13.7,20.8,34.5,2.6744
Cyrus,2010,Independent,80,51,Comedy,7,7.47,2.45,9.92,1.4171
Daddy Day Camp,2007,Sony,1,63,Comedy,6,13.24,4.96,18.2,3.0329
Dance Flick,2009,Paramount,17,35,Action,25,25.66,5.77,31.43,1.2572
Date Night,2010,Fox,66,58,Comedy,55,98.71,53.55,152.26,2.7684
Daybreakers,2010,Lionsgate,67,50,Action,20,30.1,21.31,51.41,2.5705
Dear John,2010,Sony,29,66,Drama,25,80.01,34.96,114.97,4.5988
Death at a Funeral,2010,Independent,40,48,Comedy,21,42.74,6.31,49.05,2.3357
Death Race,2008,Universal,42,69,Action,45,36.1,39.36,75.46,1.6768
"Definitely, Maybe",2008,Universal,71,72,Comedy,7,32.01,23.2,55.21,7.8876
Despicable Me,2010,Universal,81,81,Animation,69,251.38,290.5,541.88,7.8533
Devil,2010,Independent,52,45,Horror,10,33.6,23.23,56.83,5.683
Diary of a Wimpy Kid,2010,Independent,53,49,Comedy,15,64,11.7,75.7,5.0467
Did You Hear About the Morgans?,2009,Sony,12,31,Comedy,58,29.58,55.7,85.28,1.4703
Dinner for Schmucks,2010,Paramount,43,47,Comedy,69,73.03,13.38,86.41,1.2523
Disaster Movie,2008,Lionsgate,2,28,Comedy,20,14.19,20.62,34.81,1.7405
District 9,2009,Independent,91,81,Action,30,115.6,95.17,210.77,7.0257
Disturbia,2007,Paramount,67,75,Thriller,20,80.21,37.55,117.76,5.888
Doomsday,2008,Relativity Media,48,47,Action,33,11.01,11.2,22.21,0.673
Doubt,2008,Independent,78,75,Drama,25,18.73,17.46,36.19,1.4476
Dr. Seuss' Horton Hears a Who!,2008,Fox,79,75,Animation,85,154.53,142.6,297.13,3.4956
Drag Me to Hell,2009,Universal,92,61,Horror,30,42.1,48.7,90.8,3.0267
Dragon Wars (aka D-War),2007,Mediaplex,27,44,Action,75,10.98,63.27,74.25,0.99
Dragonball Evolution,2009,Fox,15,28,Action,30,9.36,48.87,58.23,1.941
Drillbit Taylor,2008,Paramount,26,49,Comedy,40,32.86,16.82,49.68,1.2421
Due Date,2010,Warner Bros.,40,56,Comedy,50,99.65,100.9,200.55,4.011
Duplicity,2009,Universal,64,38,Romance,60,40.57,37.57,78.14,1.3023
Eagle Eye,2008,Paramount,27,72,Action,80,101.18,76.62,177.8,2.2225
Easy A,2010,Sony,85,75,Comedy,8,58.4,15.24,73.64,9.205
Eat Pray Love,2010,Sony,36,46,Drama,60,80.57,123.91,204.48,3.408
Edge of Darkness,2010,Warner Bros.,55,56,Crime,80,43.31,37.81,81.12,1.014
Enchanted,2007,Disney,93,80,Comedy,85,127.81,212.68,340.49,4.0057
Epic Movie,2007,Independent,2,38,Comedy,20,39.74,47.13,86.87,4.3433
Evan Almighty,2007,Universal,23,56,Comedy,175,100.46,72.93,173.39,0.9908
Everybody's Fine,2009,Miramax,46,55,Drama,21,9.2,7.2,16.4,0.781
Extract,2009,Miramax,62,37,Comedy,7.5,10.8,0.03,10.83,1.4433
Extraordinary Measures,2010,CBS,27,55,Drama,31,12.07,3.07,15.14,0.4884
Fame,2009,MGM,25,43,Comedy,18,22.5,55.5,78,4.3333
Fantastic Four: Rise of the Silver Surfer,2007,Fox,35,55,Action,130,131.92,157.13,289.05,2.2234
Fantastic Mr. Fox,2009,Fox,93,80,Animation,40,21,25.46,46.46,1.1615
Fast and Furious,2009,Universal,28,76,Action,85,155.1,208,363.1,4.2718
Faster,2010,CBS,41,50,Action,24,22.94,1.97,24.91,1.0379
Fired Up!,2009,Independent,22,52,Comedy,20,17.2,1.4,18.6,0.93
First Sunday,2008,Sony,13,59,Comedy,13,37.93,0.87,38.8,2.9848
Fool's Gold,2008,Warner Bros.,11,53,Adventure,72.5,70.23,39.13,109.36,1.5084
For Colored Girls,2010,Independent,33,73,Drama,21,37.69,17.32,55.01,2.6195
Forgetting Sarah Marshall,2008,Independent,85,75,Comedy,30,62.93,42,104.93,3.4977
Friday the 13th,2009,Paramount,25,52,Horror,19,65,26.4,91.4,4.8105
From Paris with Love,2010,Independent,38,57,Action,52,24.08,28.72,52.8,1.0154
Funny People,2009,Universal,68,58,Comedy,75,51.85,19.73,71.58,0.9544
Furry Vengeance,2010,Summit,8,36,Comedy,35,17.63,18.34,35.97,1.0277
G-Force,2009,Disney,22,50,Action,150,119.4,173.38,285.1,1.9007
G.I. Joe: The Rise of Cobra,2009,Paramount,33,62,Action,175,150.2,152.26,302.1,1.7263
Gamer,2009,Lionsgate,29,43,Action,12.5,20.53,20.29,40.82,3.2656
Get Him to the Greek,2010,Universal,73,63,Comedy,40,60.97,30.42,91.39,2.2848
Get Smart,2008,Warner Bros.,51,73,Action,80,130.32,100.37,230.69,2.8836
Ghost Rider,2007,Sony,28,56,Action,110,115.8,112.94,228.74,2.0794
Ghost Town,2008,Paramount,85,60,Comedy,20,13.25,13.71,26.96,1.348
Ghosts of Girlfriends Past,2009,Warner Bros.,27,47,Comedy,50,55.25,46.97,102.22,2.0444
Going the Distance,2010,Warner Bros.,53,56,Comedy,32,17.8,24.25,42.05,1.3141
Good Luck Chuck,2007,Lionsgate,3,61,Comedy,25,35.02,24.17,59.19,2.3677
Green Zone,2010,Universal,53,60,Action,100,35.05,59.82,94.87,0.9487
Grindhouse,2007,The Weinstein Company,82,86,Action,53,25.04,25.16,50.19,0.9471
Grown Ups,2010,Independent,10,59,Comedy,80,161.9,105.5,267.4,3.3425
Gulliver's Travels,2010,Fox,21,31,Comedy,112,42,194,236,2.1071
Hairspray,2007,Warner Bros.,92,84,Musical,75,118.87,83.68,202.55,2.7006
Halloween,2007,The Weinstein Company,26,64,Horror,20,58.27,20.2,78.47,3.9235
Halloween II,2009,Independent,20,45,Horror,15,33.39,6.02,39.41,2.6273
Hancock,2008,Sony,40,67,Action,150,227.95,396.44,624.39,4.1626
Hannah Montana: The Movie,2009,Disney,44,66,Comedy,35,79.58,70.52,150.1,4.2886
Happily N'Ever After,2007,Lionsgate,4,43,Animation,47,15.59,22.5,38.08,0.8103
Harold and Kumar Escape from Guantanamo Bay,2008,Warner Bros.,54,65,Adventure,12,38.11,5.38,43.49,3.6244
Harry Potter and the Deathly Hallows Part 1,2010,Warner Bros.,79,87,Adventure,125,295,660,955,7.64
Harry Potter and the Half-Blood Prince,2009,Warner Bros.,83,75,Adventure,250,302,632,934,3.736
He's Just Not That Into You,2009,Warner Bros.,42,60,Comedy,25,93.95,84.89,178.84,7.1536
Hellboy II: The Golden Army,2008,Universal,87,70,Action,82.5,75.79,84.4,160.19,1.9417
High School Musical 3: Senior Year,2008,Disney,65,76,Comedy,11,89.7,162.35,252.04,22.9131
Hitman,2007,Fox,15,61,Action,17.5,39.69,60.28,99.96,5.7122
Hostel: Part II,2007,Lionsgate,44,45,Horror,10,17.61,18.01,35.62,3.562
Hot Tub Time Machine,2010,MGM,64,57,Adventure,36,50.29,14.13,64.42,1.7894
Hotel for Dogs,2009,Paramount,46,57,Comedy,35,73,45.2,118.2,3.3771
How to Train Your Dragon,2010,Paramount,98,90,Animation,165,217.58,277.3,494.88,2.9993
I Am Legend,2007,Warner Bros.,69,69,Thriller,150,256.39,327.76,584.16,3.8944
I Love You Beth Cooper,2009,Fox,14,38,Comedy,18,14.8,1.58,16.38,0.91
I Love You Phillip Morris,2010,Independent,71,57,Comedy,15,1.44,18.66,20.1,1.34
"I Love You, Man ",2009,Paramount,83,72,Comedy,40,71.4,20,91.4,2.285
I Now Pronounce You Chuck and Larry,2007,Universal,13,73,Comedy,85,120.06,65.99,186.05,2.1889
Ice Age: Dawn of the Dinosaurs,2009,Fox,45,72,Animation,90,196.57,690.11,886.68,9.852
Igor,2008,Independent,36,42,Animation,30,19.44,11.22,30.66,1.0221
Imagine That,2009,Paramount,38,44,Comedy,55,16.12,6.86,22.99,0.418
In the Land of Women,2007,Warner Bros.,43,72,Comedy,10,11.05,6.51,17.56,1.7562
Inception,2010,Warner Bros.,86,93,Action,160,292.58,531,823.58,5.1474
Indiana Jones and the Kingdom of the Crystal Skull,2008,Paramount,77,59,Action,185,317.02,469.53,786.56,4.2517
Inglourious Basterds,2009,Universal,88,87,Adventure,70,120.5,200.91,321.41,4.5916
Inkheart,2009,Warner Bros.,39,51,Adventure,60,17.3,45.14,62.44,1.0407
Into the Wild,2007,Paramount,82,90,Drama,15,18.35,37.28,55.63,3.709
Invictus,2009,Warner Bros.,75,74,Biography,60,37.49,84.74,122.23,2.0372
Iron Man,2008,Paramount,94,91,Action,186,318.31,266.76,585.07,3.1456
Iron Man 2,2010,Paramount,74,80,Action,200,312.43,309.62,622.05,3.1103
It's Complicated,2009,Universal,56,63,Comedy,85,112.73,111.87,224.6,2.6424
Jackass 3-D,2010,Paramount,63,72,Documentary,20,117.19,52.76,169.95,8.4975
Jennifer's Body,2009,Fox,42,37,Comedy,16,16.2,15.35,31.55,1.9719
Jonah Hex,2010,Warner Bros.,13,24,Action,47,10.55,0.36,10.91,0.2321
Journey to the Center of the Earth,2008,Warner Bros.,61,55,Action,45,101.7,140.29,241.99,5.3777
Julie & Julia,2009,Sony,74,69,Biography,40,94.12,32.52,126.64,3.166
Jumper,2008,Fox,16,50,Action,82.5,80.17,142.06,222.23,2.6937
Juno,2007,Fox,94,89,Comedy,7.5,143.5,87.69,231.18,30.8246
Just Wright,2010,Fox,45,58,Comedy,12,21.54,0.029,21.569,1.7974
Kick-Ass,2010,Independent,76,83,Action,30,48.07,48.06,96.13,3.2043
Killers,2010,Lionsgate,11,45,Action,75,47.06,46.34,93.4,1.2453
Knight and Day,2010,Fox,53,52,Action,117,76.42,185.26,261.68,2.2366
Knocked Up,2007,Universal,91,83,Comedy,33,148.77,70.23,219,6.6364
Knowing,2009,Summit,33,50,Drama,50,79.95,103.63,183.58,3.6716
Kung Fu Panda,2008,Paramount,88,83,Animation,200,215.43,416.31,631.74,3.1587
Lakeview Terrace,2008,Sony,46,44,Crime,20,39.26,5.39,44.65,2.2327
Land of the Lost,2009,Universal,26,38,Drama,100,49.43,20.11,69.54,0.6954
Law Abiding Citizen,2009,Independent,25,77,Crime,53,73.4,53.08,126.48,2.3864
Leap Year,2010,Universal,21,49,Comedy,19,25.9,6.69,32.59,1.7153
Leatherheads,2008,Universal,52,41,Comedy,58,31.23,9.93,41.16,0.7096
Legend of the Guardians: The Owls of Ga'Hoole,2010,Warner Bros.,51,65,Animation,80,55.64,84.26,139.9,1.7488
Legion,2010,Independent,19,36,Action,26,40.17,27.74,67.91,2.6119
Letters to Juliet,2010,Summit,40,62,Comedy,30,53.03,26.15,79.18,2.6393
License to Wed,2007,Warner Bros.,8,55,Comedy,35,43.8,25.51,69.31,1.9802
Life as We Know It,2010,Independent,28,62,Comedy,38,53.13,43.03,96.16,2.5305
Lions for Lambs,2007,Independent,27,48,Drama,35,15,48.21,63.21,1.806
Little Fockers,2010,Independent,9,40,Comedy,100,123.69,109.01,232.7,2.327
Live Free or Die Hard,2007,Fox,79,86,Action,110,134.53,249,383.53,3.4866
Love & Other Drugs,2010,Fox,48,55,Comedy,30,31.68,22.85,54.53,1.8177
Love Happens,2009,Universal,18,40,Drama,18,22.96,13.12,36.08,2.0044
MacGruber,2010,Independent,47,33,Action,10,8.53,0.8,9.33,0.933
Machete,2010,Independent,73,66,Action,20,26.59,15.55,42.14,2.107
Mad Money,2008,Independent,22,51,Comedy,22,20.67,5.74,26.41,1.2005
Madagascar: Escape 2 Africa,2008,Paramount,64,73,Animation,150,176.93,423.89,600.82,4.0055
Made of Honor,2008,Sony,13,61,Comedy,40,46.01,59.95,105.96,2.6491
Mamma Mia!,2008,Universal,53,76,Comedy,66,143.76,465.71,609.47,9.2345
Marley and Me,2008,Fox,63,77,Comedy,55,106.51,99.56,206.07,3.7468
Marmaduke,2010,Fox,9,46,Comedy,50,33.64,49.71,83.35,1.667
Max Payne,2008,Fox,16,36,Action,35,40.66,44.73,85.38,2.4395
Meet Dave,2008,Fox,19,42,Adventure,60,11.8,38.85,50.65,0.8442
Meet the Robinsons,2007,Disney,66,75,Animation,100,97.82,71.51,169.33,1.6933
Meet the Spartans,2008,Independent,2,31,Comedy,30,38.23,46.41,84.65,2.8216
Megamind,2010,Paramount,72,73,Animation,130,144.67,173.46,318.13,2.4472
Michael Clayton,2007,Independent,90,72,Thriller,25,49.03,43.96,92.99,3.7197
Michael Jackson's This Is It,2009,Sony,81,82,Documentary,60,72.1,180,252.1,4.2017
Milk,2008,Universal,94,88,Biography,20,31.84,18.32,50.16,2.508
Miracle at St. Anna,2008,Disney,34,68,Action,45,7.92,1.2,9.12,0.2026
Mirrors,2008,Independent,14,49,Horror,35,30.69,46.8,77.49,2.214
Miss Pettigrew Lives for a Day,2008,Independent,78,70,Comedy,60,12.31,2.86,15.17,0.2529
Monsters Vs. Aliens,2009,Paramount,72,65,Animation,175,198.4,183.2,381.5,2.18
Morning Glory,2010,Independent,54,54,Comedy,40,31.01,27.78,58.79,1.4698
Mother and Child,2010,Independent,79,61,Drama,7,1.11,3.76,4.87,0.6957
Mr. Brooks,2007,MGM,56,75,Thriller,20,28.55,19.57,48.12,2.4061
Mr. Magorium's Wonder Emporium,2007,Independent,36,56,Fantasy,25,32.06,36.89,68.95,2.7579
My Best Friend's Girl,2008,Lionsgate,14,51,Comedy,20,19.22,22.4,41.62,2.0811
My Bloody Valentine 3-D,2009,Lionsgate,57,48,Crime,14,51.54,51.2,102.74,7.3386
My Life in Ruins,2009,Independent,9,43,Comedy,17,8.67,9.34,18.01,1.06
My Sister's Keeper,2009,Warner Bros.,47,73,Drama,27.5,49.2,39.85,89.05,3.2382
My Soul to Take,2010,Relativity Media,9,29,Horror,25,14.74,5.09,19.83,0.7932
Nancy Drew,2007,Independent,49,61,Thriller,20,25.61,5.05,30.67,1.5333
Nanny McPhee Returns,2010,Universal,77,54,Comedy,35,29.01,64.23,93.24,2.664
National Treasure: Book of Secrets,2007,Disney,31,72,Thriller,130,219.96,237.4,457.36,3.5182
Never Back Down,2008,Summit,23,37,Action,21,24.85,16.78,41.63,1.9822
Never Let Me Go,2010,Independent,70,70,Drama,15,2.43,7.3,9.73,0.6487
Next,2007,Paramount,29,59,Thriller,70,18.21,55.33,73.54,1.0506
Next Day Air,2009,Summit,21,27,Action,3,10,0,10,3.3333
Nick and Norah's Infinite Playlist,2008,Sony,73,67,Comedy,10,31.49,2.04,33.53,3.3527
Night at the Museum: Battle of the Smithsonian,2009,Fox,43,60,Action,150,177.2,235.8,413,2.7533
Nights in Rodanthe,2008,Warner Bros.,31,56,Drama,30,41.74,37.5,79.24,2.6412
Nim's Island,2008,Independent,51,50,Adventure,37,48.01,52.07,100.08,2.7048
Nine,2009,The Weinstein Company,37,40,Drama,80,19.67,34.32,53.99,0.6749
Ninja Assassin,2009,Warner Bros.,25,57,Action,50,38.12,23.47,61.59,1.2318
No Country for Old Men,2007,Paramount,95,84,Drama,25,74.28,86.72,161,6.44
No Reservations,2007,Warner Bros.,39,64,Comedy,28,43.11,49.49,92.6,3.3072
Norbit,2007,Paramount,9,56,Comedy,60,95.67,63.64,159.31,2.6552
Not Easily Broken,2009,Independent,34,66,Drama,5,10.6,0.14,10.7,2.14
Notorious,2009,Fox,50,66,Biography,20,36.84,7.52,44.36,2.218
Observe and Report,2009,Warner Bros.,51,40,Comedy,18,24,2.96,26.96,1.4978
Obsessed,2009,Sony,20,50,Drama,20,68.26,5.56,73.82,3.691
Ocean's 13,2007,Warner Bros.,70,74,Thriller,85,117.15,194.16,311.31,3.6625
Old Dogs,2009,Buena Vista,5,49,Comedy,35,49.49,47.26,96.75,2.7643
One Missed Call,2008,Warner Bros.,0,36,Horror,20,26.89,17.62,44.51,2.2255
Orphan,2009,Warner Bros.,55,65,Horror,30,41.59,36.74,78.33,2.611
P.S. I Love You,2007,Independent,21,82,Romance,30,53.7,99.4,153.09,5.1031
Pandorum,2009,Independent,28,49,Action,40,10.3,6.7,17,0.425
Pathfinder: Legend of the Ghost Warrior,2007,Fox,11,41,Action,26,10.23,20.59,30.82,1.1855
Paul Blart: Mall Cop,2009,Sony,33,50,Action,26,146.33,36.95,183.28,7.0492
Percy Jackson & the Olympians: The Lightning Thief,2010,Fox,50,57,Action,95,88.77,137.73,226.5,2.3842
Pineapple Express,2008,New Line,68,74,Action,26,87.34,14.28,101.62,3.9086
Piranha 3-D,2010,The Weinstein Company,74,45,Comedy,24,25,54.78,79.78,3.3242
"Pirate Radio (The Boat that Rocked, UK)",2009,Focus,60,72,Comedy,50,8.01,28.33,36.34,0.7268
Pirates of the Caribbean: At World's End,2007,Disney,45,74,Action,300,309.42,651.58,961,3.2033
Planet 51,2009,Independent,22,45,Animation,70,42.19,63.45,105.64,1.5091
Post Grad,2009,Fox,7,31,Comedy,15,6.38,0,6.38,0.4253
Predators,2010,Fox,64,52,Action,40,52,74.74,126.74,3.1685
Premonition,2007,Sony,8,55,Drama,20,47.85,36.14,84,4.1998
Pride & Glory,2008,Summit,34,54,Crime,30,15.74,15.41,31.15,1.0383
Prince of Persia: The Sands of Time,2010,Disney,36,71,Action,200,90.76,244.39,335.15,1.6758
Prom Night,2008,Sony,8,46,Horror,18,43.87,13.32,57.19,3.1772
Public Enemies,2009,Universal,67,65,Biography,100,97.1,117,214.1,2.141
Punisher: War Zone,2008,Warner Bros.,27,47,Action,35,8.05,2.04,10.09,0.2883
Push,2009,Summit,22,47,Action,38,31.81,17.04,48.85,1.2855
Quantum of Solace,2008,Independent,64,62,Action,230,166.8,417.72,584.52,2.5414
Quarantine,2008,Lionsgate,59,46,Horror,12,31.69,9.62,41.31,3.4427
Race to Witch Mountain,2009,Buena Vista,42,50,Action,50,67.17,39.21,106.38,2.1276
Rachel Getting Married,2008,MGM,85,61,Drama,12,12.79,3.82,16.61,1.3842
Rambo,2008,Sony,36,70,Action,47.5,42.75,70.49,113.24,2.3841
Ratatouille,2007,Disney,97,84,Animation,150,206.45,414.98,621.42,4.1428
Red,2010,Summit,71,72,Action,58,89.84,74.58,164.42,2.8348
Religulous,2008,Independent,70,78,Documentary,2.5,13.01,0.12,13.14,5.2541
Remember Me,2010,Summit,28,70,Drama,16,19.07,36.79,55.86,3.4913
Repo Men,2010,Universal,22,43,Action,32,13.79,4.62,18.41,0.5753
Righteous Kill,2008,Lionsgate,19,44,Crime,60,40.08,38.37,78.45,1.3075
Robin Hood,2010,Universal,42,59,Action,200,105.27,216.4,321.67,1.6084
Role Models,2008,Lionsgate,77,75,Comedy,28,66.69,25.09,91.77,3.2776
Rush Hour 3,2007,Warner Bros.,20,68,Action,140,140.13,117.9,258.02,1.843
Salt,2010,Sony,62,62,Action,110,118.31,175.19,293.5,2.6682
Saw 3-D,2010,Independent,10,47,Crime,20,45.71,76.8,122.51,6.1255
Saw IV,2007,Independent,18,70,Horror,10,63.3,76.05,139.35,13.9353
Saw VI,2009,Independent,40,67,Horror,11,27.69,40.5,68.19,6.1991
Scott Pilgrim vs. the World,2010,Universal,81,83,Action,60,31.52,16.05,47.57,0.7928
Semi-Pro,2008,Universal,21,41,Comedy,2.6,33.48,10.41,43.88,16.8787
Seven Pounds,2008,Independent,27,77,Drama,55,60.04,98.21,158.25,2.8772
Sex and the City,2008,Warner Bros.,49,81,Comedy,57.5,152.65,262.61,415.25,7.2218
Sex and the City 2,2010,Warner Bros.,15,49,Comedy,100,95.35,193,288.35,2.8835
Sex Drive,2008,Sony,46,61,Adventure,19,8.4,10.35,18.75,0.987
She's Out of My League,2010,Paramount,57,60,Comedy,20,32.01,16.8,48.81,2.4405
Sherlock Holmes,2009,Warner Bros.,70,81,Action,90,209.02,315,524.02,5.8224
Shoot 'Em Up,2007,Warner Bros.,67,66,Action,39,12.81,14,26.81,0.6874
Shooter,2007,Paramount,47,82,Action,61,47,48.69,95.7,1.5688
Shrek Forever After,2010,Paramount,57,64,Animation,165,238.74,510.06,748.8,4.5382
Shrek the Third,2007,Paramount,42,57,Animation,160,322.72,476.24,798.96,4.9935
Shutter,2008,Warner Bros.,7,40,Horror,8,25.93,21.95,47.88,5.9848
Shutter Island,2010,Paramount,68,73,Drama,80,128.01,166.79,294.8,3.685
Sicko,2007,The Weinstein Company,93,87,Documentary,9,24.54,11.23,35.77,3.9742
Skyline,2010,Independent,16,19,Action,10,21.39,33.87,55.26,5.526
Smart People,2008,Summit,50,41,Comedy,7,9.51,2.14,11.65,1.6645
Smokin' Aces,2007,Universal,27,64,Action,17,35.79,21.32,57.1,3.3591
Solitary Man,2010,Independent,81,47,Comedy,15,4.36,0.7,5.06,0.3373
Sorority Row,2009,Summit,22,38,Horror,12.5,11.97,15.24,27.21,2.1768
Space Chimps,2008,Fox,36,37,Animation,37,30.11,34.73,64.83,1.7523
Speed Racer,2008,Warner Bros.,38,61,Action,120,43.95,50,93.95,0.7829
Spider-Man 3,2007,Sony,61,54,Action,258,336.53,554.34,890.87,3.453
Star Trek,2009,Paramount,94,91,Action,140,257.7,127.95,385.65,2.7546
Star Wars: The Clone Wars,2008,Independent,19,46,Animation,8.5,35.16,33.12,68.28,8.0332
State of Play,2009,Universal,84,71,Crime,60,37.02,51.32,88.3,1.47
Step Brothers,2008,Sony,54,68,Comedy,65,100.47,27.64,128.11,1.9709
Step Up 2: The Streets,2008,Disney,26,81,Drama,17.5,58.02,92.8,150.82,8.618
Step Up 3D,2010,Summit,46,67,Drama,30,42.4,116.75,159.15,5.305
Stomp the Yard,2007,Independent,27,83,Musical,14,61.36,14.15,75.51,5.3937
Stone,2010,Independent,49,20,Drama,22,1.81,6.59,8.4,0.3818
Stop-Loss,2008,Paramount,65,27,Drama,25,10.92,0.26,11.18,0.447
Street Fighter: The Legend of Chun-Li,2009,Fox,16,28,Action,50,9.14,3.2,12.34,0.2468
Street Kings,2008,Fox,37,62,Action,20,26.42,39.15,65.57,3.2786
Sunshine Cleaning,2009,Independent,72,59,Comedy,5,12.06,4.51,16.57,3.314
Superbad,2007,Sony,88,87,Comedy,20,121.46,48.41,169.87,8.4936
Superhero Movie,2008,The Weinstein Company,15,36,Comedy,65,25.87,45.35,71.22,1.0957
Surf's Up,2007,Sony,78,64,Animation,85,58.87,90.18,149.04,1.7535
Surrogates,2009,Buena Vista,39,42,Action,80,38.57,83.86,122.43,1.5304
Sweeney Todd: The Demon Barber of Fleet Street,2007,Warner Bros.,86,81,Musical,50,52.9,99.63,152.52,3.0505
Swing Vote,2008,Disney,36,44,Comedy,20,16.29,1.34,17.63,0.8817
Taken,2009,Fox,58,83,Action,25,145,81.8,226.8,9.072
Takers,2010,Sony,27,57,Action,32,57.74,10.42,68.16,2.13
Taking Woodstock,2009,Focus,48,48,Comedy,29,7.5,2.5,10,0.3448
Tangled,2010,Disney,89,88,Animation,260,175.78,179.3,355.08,1.3657
Terminator Salvation,2009,Warner Bros.,33,64,Action,200,125.3,246.7,372,1.86
The A-Team,2010,Fox,47,71,Action,100,77.22,99.81,177.03,1.7703
The American,2010,Universal,66,37,Crime,20,35.61,10.39,46,2.3
The Back-up Plan,2010,CBS,20,47,Comedy,35,37.49,39.6,77.09,2.2026
The Bank Job,2008,Independent,78,74,Thriller,20,30.06,34.76,64.82,3.2411
The Blind Side,2009,Warner Bros.,65,90,Biography,29,255.8,53.24,309.04,10.6566
The Book of Eli,2010,Independent,48,68,Action,80,94.84,58.62,153.46,1.9183
The Bounty Hunter,2010,Sony,7,41,Action,40,67.06,69.26,136.32,3.408
The Bourne Ultimatum,2007,Universal,93,91,Thriller,110,227.47,215.35,442.82,4.0257
The Box,2009,Warner Bros.,46,27,Drama,30,15.1,18.28,33.38,1.1127
The Brave One,2007,Warner Bros.,43,65,Action,70,36.79,32.99,69.79,0.997
The Bucket List,2007,Warner Bros.,41,81,Drama,45,93.47,80.84,174.31,3.8736
The Chronicles of Narnia: Prince Caspian,2008,Independent,66,78,Action,200,141.62,278.04,419.67,2.0983
The Chronicles of Narnia: The Voyage of the Dawn Treader,2010,Fox,49,63,Adventure,155,104,311,415,2.6774
The Curious Case of Benjamin Button,2008,Disney,73,81,Fantasy,160,79.01,206.42,285.43,1.7839
The Darjeeling Limited,2007,Fox,67,79,Drama,17.5,11.9,23.02,34.92,1.9953
The Day the Earth Stood Still,2008,Warner Bros.,19,34,Thriller,100,74.3,153.73,228.03,2.2803
The Expendables,2010,Independent,40,58,Action,82,103.07,171.4,274.47,3.3472
The Express,2008,Fox,62,73,Biopic,37.5,9.79,0.01,9.8,0.2613
The Eye,2008,Lionsgate,22,51,Horror,12,31.42,25.55,56.96,4.747
The Fighter,2010,Paramount,91,88,Drama,25,93,35,128,5.12
The Final Destination,2009,Warner Bros.,29,52,Horror,40,66.5,119.3,185.8,4.645
The Forbidden Kingdom,2008,Relativity Media,64,65,Action,55,52.08,75.9,127.98,2.3269
The Fourth Kind,2009,Universal,18,44,Mystery,10,25.48,22.22,47.7,4.77
The Game Plan,2007,Disney,27,75,Comedy,22,90.64,57.23,147.87,6.7213
The Ghost Writer,2010,Summit,83,68,Mystery,45,15.54,44.48,60.02,1.3338
The Golden Compass,2007,Warner Bros.,42,55,Action,180,70.11,302.13,372.23,2.068
The Hangover,2009,Warner Bros.,79,87,Comedy,35,277.3,190.16,467.46,13.356
The Happening,2008,Fox,19,29,Thriller,48,64.51,98.89,163.4,3.4041
The Haunting in Connecticut,2009,Lionsgate,17,51,Drama,30,55.39,22.13,77.52,2.584
The Haunting of Molly Hartley,2008,Independent,3,22,Horror,5,13.56,1.33,14.89,2.978
The Heartbreak Kid,2007,Paramount,30,41,Comedy,60,36.79,90.98,127.77,2.1294
The Hills Have Eyes 2,2007,Independent,11,50,Horror,15,20.8,16.66,37.47,2.4977
The House Bunny,2008,Sony,39,54,Comedy,25,48.24,22.2,70.44,2.8175
The Hurt Locker,2009,Independent,97,83,Drama,15,17.01,32.21,49.22,3.2813
The Incredible Hulk,2008,Universal,67,75,Action,137.5,134.53,128.62,263.15,1.9138
The Informant!,2009,Warner Bros.,78,42,Comedy,22,33.31,8.45,41.76,1.8982
The International,2009,Sony,58,39,Action,50,25.4,34.7,60.1,1.202
The Invasion,2007,Warner Bros.,19,43,Sci-Fi,80,15.07,25.1,40.17,0.5021
The Invention of Lying,2009,Warner Bros.,56,47,Comedy,18.5,18.45,13.95,32.4,1.7514
The Karate Kid,2010,Sony,66,75,Action,40,176.59,182.53,359.12,8.978
The Kids Are All Right,2010,Independent,94,72,Comedy,4,20.81,8.55,29.36,7.34
The King's Speech,2010,Independent,95,93,Biography,15,138.79,288.57,427.36,28.4907
The Kite Runner,2007,Paramount,66,85,Drama,20,15.8,57.39,73.19,3.6597
The Last Airbender,2010,Paramount,6,42,Action,150,131.77,187.35,319.12,2.1275
The Last Exorcism,2010,Independent,73,32,Drama,1.8,41.03,25.42,66.45,36.9167
The Last Song,2010,Disney,19,66,Drama,20,62.95,26.09,89.04,4.452
The Longshots,2008,Independent,39,39,Comedy,30,11.51,0.23,11.74,0.3914
The Losers,2010,Warner Bros.,47,55,Action,25,23.59,5.79,29.38,1.1752
The Love Guru,2008,Paramount,14,38,Comedy,62,32.2,8.63,40.83,0.6585
The Lovely Bones,2009,Paramount,32,57,Drama,65,44,50.78,94.78,1.4582
The Men Who Stare at Goats,2009,Independent,52,43,Comedy,25,32.4,36.54,68.94,2.7576
The Mist,2007,The Weinstein Company,72,64,Horror,18,25.59,31.24,56.83,3.1572
The Mummy: Tomb of the Dragon Emperor,2008,Universal,14,40,Action,145,102.28,298.63,400.91,2.7649
The Nanny Diaries,2007,The Weinstein Company,33,52,Comedy,20,25.93,21.07,47,2.35
The Next Three Days,2010,Lionsgate,51,66,Crime,30,21.15,20.6,41.75,1.3917
The Other Boleyn Girl,2008,Independent,41,65,Drama,40,26.81,50.9,77.71,1.9428
The Other Guys,2010,Sony,78,57,Action,100,119.22,51.05,170.27,1.7027
The Pink Panther 2,2009,Sony,12,47,Adventure,59,35.92,40.02,75.94,1.2871
The Princess and the Frog,2009,Disney,84,72,Animation,105,104.4,162.64,267.04,2.5432
The Proposal,2009,Disney,43,74,Comedy,40,164,150.7,314.7,7.8675
The Road,2009,The Weinstein Company,75,65,Adventure,25,7.9,19.51,27.41,1.0964
The Ruins,2008,Paramount,46,32,Horror,25,17.43,5.3,22.73,0.9091
The Runaways,2010,Independent,68,56,Biography,10,3.57,1.11,4.68,0.468
The Secret Life of Bees,2008,Fox,56,78,Drama,11,37.43,2.18,39.61,3.601
The Simpsons Movie,2007,Fox,90,78,Comedy,75,183.14,343.93,527.07,7.0276
The Social Network,2010,Sony,96,89,Biography,50,94.08,105.52,199.6,3.992
The Soloist,2009,Paramount,56,59,Drama,60,31.7,6.73,38.43,0.6405
The Sorcerer's Apprentice,2010,Disney,42,57,Action,150,63.15,152.13,215.28,1.4352
The Spiderwick Chronicles,2008,Paramount,79,67,Fantasy,92.5,71.2,91.64,162.84,1.7604
The Spirit,2008,Lionsgate,14,29,Action,6,17.75,19.23,36.98,6.1632
The Stepfather,2009,Sony,12,48,Mystery,20,29.1,2.13,31.2,1.56
The Strangers,2008,Relativity Media,44,48,Horror,9,52.6,29.79,82.39,9.1545
The Switch,2010,Independent,52,44,Comedy,19,27.78,19.95,47.73,2.5121
The Taking of Pelham 1 2 3,2009,Sony,51,60,Action,100,65.45,84.71,150.16,1.5016
The Tale of Despereaux,2008,Universal,54,46,Animation,55,50.87,37.84,88.71,1.6129
The Time Traveler's Wife,2009,Paramount,38,65,Drama,39,63.41,37.92,101.33,2.5982
The Town,2010,Warner Bros.,94,83,Crime,37,92.18,52.37,144.55,3.9068
The Twilight Saga: Eclipse,2010,Summit,50,74,Drama,68,300.53,393.05,693.58,10.1997
The Twilight Saga: New Moon,2009,Summit,27,78,Drama,50,296.62,413.2,709.82,14.1964
The Ugly Truth,2009,Independent,14,68,Comedy,38,88.9,116.4,205.3,5.4026
The Unborn,2009,Relativity Media,11,39,Horror,16,42.67,33.84,76.51,4.7819
The Wolfman,2010,Universal,33,38,Drama,150,61.98,77.81,139.79,0.9319
The Women,2008,Warner Bros.,13,41,Drama,16,26.9,23.11,50.01,3.1254
The X-Files: I Want to Believe,2008,Fox,32,34,Thriller,35,20.98,47.39,68.37,1.9534
There Will Be Blood,2007,Paramount,91,84,Drama,25,40.22,35.96,76.18,3.0473
TMNT,2007,Warner Bros.,33,63,Action,35,54.15,40.86,95.01,2.7146
Tooth Fairy,2010,Fox,16,46,Comedy,48,60.02,52.34,112.36,2.3408
Toy Story 3,2010,Disney,99,91,Animation,200,415,648.16,1063.16,5.3158
Transformers,2007,Paramount,57,89,Action,150,319.25,389.03,708.27,4.7218
Transformers: Revenge of the Fallen,2009,Paramount,20,76,Action,210,402.1,434.2,836.3,3.9824
Transporter 3,2008,Independent,36,58,Action,30,31.72,77.26,108.98,3.6326
Tron: Legacy,2010,Independent,50,67,Action,170,148.21,143.2,291.41,1.7142
Tropic Thunder,2008,Paramount,83,69,Comedy,90,110.46,77.58,188.04,2.0893
True Grit,2010,Paramount,96,86,Adventure,38,171,81.03,252.03,6.6324
Twilight,2008,Summit,49,82,Romance,37,176.82,199.85,376.66,10.18
Tyler Perry's Meet the Browns,2008,Independent,31,36,Drama,20,41.98,0,41.98,2.0988
Tyler Perry's The Family That Preys,2008,Independent,51,36,Drama,10,37.11,0,37.11,3.7105
Tyler Perry's Why Did I get Married,2007,Independent,46,47,Romance,15,55.2,0.66,55.86,3.7242
Underworld: Rise of the Lycans,2009,Sony,30,68,Action,35,45.8,45.55,91.35,2.61
Unstoppable,2010,Fox,86,73,Action,95,81.56,87.94,169.5,1.7842
Untraceable,2008,Independent,14,56,Thriller,35,28.69,23.97,52.66,1.5045
Up,2009,Disney,98,86,Animation,175,293,438.3,731.3,4.1789
Up in the Air,2009,Paramount,90,76,Drama,25,83.82,83,166.82,6.6728
Vacancy,2007,Sony,55,46,Comedy,19,19.36,15.94,35.3,1.8579
Valentine's Day,2010,Warner Bros.,17,54,Comedy,52,110.49,107.08,217.57,4.184
Valkyrie,2008,MGM,58,66,Thriller,75,83.08,117.2,200.28,2.6703
Vampires Suck,2010,Independent,4,32,Comedy,20,36.66,43.32,79.98,3.999
Vicky Cristina Barcelona,2008,The Weinstein Company,82,73,Romance,16,22.84,73.19,96.03,6.0016
W.,2008,Lionsgate,60,42,Drama,25.1,25.53,3.97,29.5,1.1755
Waitress,2007,Independent,89,67,Romance,2,19.07,3.1,22.18,11.0897
Walk Hard: The Dewey Cox Story,2007,Sony,75,55,Comedy,35,18.32,2.26,20.58,0.5879
Wall Street: Money Never Sleeps,2010,Independent,54,43,Drama,70,52.47,78.16,130.63,1.8661
WALL-E,2008,Disney,96,89,Animation,180,223.78,297.5,521.28,2.896
Wanted,2008,Universal,73,72,Action,75,134.33,206.92,341.25,4.55
Watchmen,2009,Warner Bros.,64,68,Action,130,107.5,77.7,185.3,1.4254
We Own the Night,2007,Sony,55,63,Drama,21,28.56,26.26,54.83,2.6108
"Welcome Home, Roscoe Jenkins",2008,Universal,24,64,Comedy,35,42.19,1.21,43.4,1.2401
What Happens in Vegas,2008,Fox,28,72,Comedy,35,80.28,139.09,219.37,6.2676
Whatever Works,2009,Independent,50,63,Comedy,15,5.3,29.8,35.1,2.34
Where the Wild Things Are,2009,Warner Bros.,73,59,Adventure,100,77.23,21.89,99.12,0.9912
Whip It,2009,Independent,84,73,Drama,15,13,3,16,1.0667
Whiteout,2009,Warner Bros.,7,28,Action,35,10.3,1.9,12.2,0.3486
Why Did I Get Married Too?,2010,Lionsgate,27,67,Comedy,20,60.09,0.58,60.67,3.0335
Wild Hogs,2007,Disney,14,72,Comedy,90,168.27,85.35,253.63,2.8181
X-Men Origins: Wolverine,2009,Fox,37,72,Action,150,179.9,193.2,373.1,2.4873
Year One,2009,Sony,14,31,Adventure,60,43.33,19.02,62.35,1.0392
Yes Man,2008,Warner Bros.,43,72,Comedy,70,97.69,125.55,223.24,3.1891
You Again,2010,Independent,18,45,Comedy,20,25.7,6.16,31.86,1.593
You Don't Mess with the Zohan,2008,Sony,36,50,Comedy,80,100.02,99.91,199.93,2.4991
You Will Meet a Tall Dark Stranger,2010,Independent,43,35,Comedy,22,3.24,23.42,26.66,1.2118
Youth in Revolt,2010,The Weinstein Company,68,52,Comedy,18,15.28,4.34,19.62,1.09
Zack and Miri Make a Porno,2008,The Weinstein Company,64,70,Romance,24,31.3,10.64,41.94,1.7475
Zodiac,2007,Paramount,89,73,Thriller,65,33.08,51.71,84.79,1.3044
Zombieland,2009,Sony,90,87,Action,23.6,75.59,27.2,102.79,4.3555